2018-01-05T15:30:39,bole-vezhba-kaldrmu,20180105_153040.jpg
2017-09-01T18:00:28,iva-poshla-u-shkolu,DSC_0171.jpg
2017-09-01T17:20:32,divni-prvachitshi,DSC_0044.jpg
2017-05-15T18:51:49,popravljena-kia-posle-2-meseca,17_1_R.jpg
2017-05-06T16:13:21,bakini-zabavljachi,6494266084816238638-account_id=1.jpg
2017-04-18T10:31:50,almost-ready,33283794134_b04f24f858_o.jpg
2017-04-18T10:21:43,blue-rope,33331984833_1aba30d6d6_o.jpg
2017-04-02T11:30:14,bratsha-andrejevitsh,IMG_2816.jpg
2017-04-02T11:09:26,zagrlio-majku,IMG_2809.jpg
2017-04-02T10:59:40,fudbaleri,IMG_2799.jpg
2017-04-01T13:01:25,probamo-tobogan,17 - 1-0ce84dc5.jpg
2017-03-17T09:41:48,sheet-happens,17 - 1-fad7d28c.jpg
2017-03-12T10:57:30,ujkino,IMG_2775.jpg
2017-03-11T14:10:39,babino-zlato,IMG_2770.jpg
2017-03-04T16:52:08,chudo-nevidjeno,17 - 1.jpg
2017-03-04T15:13:12,salash-137,IMG_2763.jpg
2017-03-04T15:12:59,salash-137,IMG_2760.jpg
2017-03-04T14:21:11,kutshitsa,IMG_2743.jpg
2017-03-04T14:09:24,ljushkanje-with-boys,IMG_2729.jpg
2017-02-24T19:15:02,diploma-i-medalja-za-uspesnog-daka,IMG_2682.jpg
2017-02-22T19:05:47,retka-slika,IMG_2602.jpg
2017-02-21T12:50:54,mutshkana-chokolada,IMG_2539.jpg
2017-02-21T12:50:38,zhiveli,IMG_2536.jpg
2017-02-21T12:33:39,dosta-za-danas,IMG_2533.jpg
2017-02-20T13:01:07,chista-uzhivantsija,IMG_2485.jpg
2017-02-20T13:00:57,svezhi-sneg,IMG_2482.jpg
2017-02-20T10:11:54,ski-skolica,IMG_2444.jpg
2017-02-19T19:48:11,salash-baby,IMG_2425.jpg
2017-02-19T19:47:44,salash-baby,IMG_2423.jpg
2017-02-18T17:54:59,prvo-veche-sankanje,IMG_2394.jpg
2017-02-15T20:38:17,bratska-ljubav,IMG_2377.jpg
2017-02-14T20:11:59,slika-i-prilika,IMG_2360.jpg
2017-02-14T20:10:55,svi-vezhbamo,IMG_2356.jpg
2017-01-24T19:55:15,sretshan-rodjendan-mitsho,IMG_2337.jpg
2017-01-24T19:54:34,sretshan-rodjendan-mitsho,IMG_2334.jpg
2017-01-24T19:18:31,sretshan-rodjendan-mitsho,IMG_2321.jpg
2017-01-24T18:57:15,najsladje-se-klopa-kad-smo-zajedno,IMG_2313.jpg
2017-01-09T10:09:19,100-000-km,IMG_20170109_100917C.jpg
2017-01-06T20:08:39,bozhitsh-bata,IMG_20170106_200837.jpg
2016-12-28T20:56:45,djole-kao-gusar,IMG_2301-f45dca04.jpg
2016-12-25T10:52:23,masha-retsituje,IMG_2266.jpg
2016-12-25T10:49:27,masha-zeva,IMG_2256.jpg
2016-12-25T10:41:57,nasha-ivka-dominira,IMG_2249.jpg
2016-12-25T10:38:58,uspela-predstava-100,IMG_2239.jpg
2016-12-25T10:33:44,iva-kao-stara-godina,IMG_2233.jpg
2016-12-25T10:25:36,nastupa-masha,IMG_2227.jpg
2016-12-25T10:24:25,vilino-koltse,IMG_2219.jpg
2016-12-24T13:59:06,nauchnik-u-najavi,IMG_2202.jpg
2016-12-24T13:34:48,prvi-put-s-otsem-na-klizanju,IMG_2195.jpg
2016-12-23T18:42:36,novogodishnja-priredba,IMG_2186-84a04fad.jpg
2016-12-23T18:33:58,novogodishnja-priredba,IMG_2166.jpg
2016-12-23T18:27:51,novogodishnja-priredba,IMG_2157.jpg
2016-12-23T18:15:03,novogodishnja-priredba,IMG_2137.jpg
2016-12-23T18:11:54,novogodishnja-priredba,IMG_2135.jpg
2016-12-23T18:05:45,novogodishnja-priredba,IMG_2133.jpg
2016-12-22T18:20:17,stari-dvor,31804044776_585a5e46c2_o.jpg
2016-12-22T18:18:35,stari-dvor,31032164033_74469a1869_o.jpg
2016-12-21T18:21:01,jelka-na-tsvetnom-trgu,31000262883_6050459b36_o.jpg
2016-12-21T18:19:56,jelka-na-tsvetnom-trgu,31437391930_847d10a345_o.jpg
2016-12-03T13:31:16,i-bogitsa-na-priredbi,IMG_2124.jpg
2016-12-03T13:29:39,i-tajka-nosi-djoleta,IMG_2121.jpg
2016-12-03T13:27:31,kajka-nosi-djoleta,IMG_2118.jpg
2016-11-21T20:32:17,baba-sa-unutsima,IMG_2098.jpg
2016-11-21T19:54:33,bogdan-po-prvi-put-na-slavi,IMG_2090-acbf9cc4.jpg
2016-11-21T12:05:54,dasa-sa-leptir-mashnom,IMG_2080.jpg
2016-11-03T12:47:54,osmeh-za-dobar-dan,IMG_20161103_124753.jpg
2016-11-01T20:32:50,sad-tshe-kupanje,IMG_2064.jpg
2016-10-30T12:30:09,djole-na-konju,IMG_2044.jpg
2016-10-30T12:14:40,drugari,IMG_2031.jpg
2016-10-30T12:12:36,ljubavni-trougao,IMG_2020.jpg
2016-10-30T12:10:14,sa-pravom-ponosna-mama,IMG_2006.jpg
2016-10-24T13:18:16,bratsha-tomasi,16_1_f818e9e4.jpg
2016-10-16T11:30:52,shetnja-po-shumi,IMG_1952.jpg
2016-10-16T11:12:34,kroz-rupu,IMG_1916.jpg
2016-10-16T11:09:11,dovidenja-u-oktobru,IMG_1903.jpg
2016-10-16T11:04:15,beretka,IMG_1891.jpg
2016-10-13T10:46:57,birkam-sanitarije,IMG_20161013_104656.jpg
2016-10-08T12:38:12,najnoviji-slatkish,IMG_1877.jpg
2016-10-07T13:44:20,shta-mi-mozhe-zima-shta-mi-sme,16_1_4d565607.jpg
2016-10-01T12:05:33,piknik-na-adi,IMG_1874.jpg
2016-10-01T12:02:15,jezichak-vozi-bitsikl,IMG_1856.jpg
2016-10-01T11:22:48,zagrljaj,IMG_1841.jpg
2016-09-24T15:24:01,svadba-u-vili-jelena,16_1.jpg
2016-09-20T12:17:49,burazeri,IMG_20160920_121748-2400.jpg
2016-09-18T14:50:50,melankholija-x-3,IMG_1836.jpg
2016-09-18T14:40:55,tramvaj-teshko-ide-uzbrdo,IMG_1826.jpg
2016-09-18T14:33:48,dorchol,IMG_1806.jpg
2016-09-18T14:20:15,mladentsi-svetlana-i-jovan-bajitsh,IMG_1793.jpg
2016-09-18T13:55:36,zgrada-cocacola,IMG_1753.jpg
2016-09-18T13:39:35,dushan-i-neda,IMG_1744.jpg
2016-09-17T17:28:40,bogi-lazmisla,IMG_1708.jpg
2016-09-16T19:46:06,kajka-sinovi,IMG_1685.jpg
2016-09-13T19:34:48,nash-butshko,IMG_1675.jpg
2016-09-12T19:47:16,akitala-kazhiprst,IMG_1669.jpg
2016-09-10T11:24:15,khorsko-pevanje,16_2c.jpg
2016-09-03T11:00:30,masha-otshe-da-pipne-malo-bogdana,IMG_1645.jpg
2016-09-03T10:59:26,ko-koga-ovde-uspavljuje,IMG_1643.jpg
2016-09-03T10:56:47,djoletov-red,IMG_1636.jpg
2016-09-03T10:56:24,ujkino,IMG_1634.jpg
2016-09-03T10:55:22,tetkino,IMG_1630.jpg
2016-09-03T10:23:38,evo-nam-bratitsha,IMG_1625.jpg
2016-09-01T21:30:54,mushkitshi-andrejevitshi,16_1_c.jpg
2016-08-29T18:00:59,sretshna-majka-kajka,IMG_1615.jpg
2016-08-28T10:44:57,deda-na-babinama,IMG_1607.jpg
2016-08-28T10:43:53,babin-najmladji-unuk-bogdan,IMG_1604.jpg
2016-08-28T07:27:04,bogdan-spava-i-sanja,IMG_1590.jpg
2016-08-28T07:25:48,vidi-se-da-je-njegov-krevet,IMG_1587.jpg
2016-08-24T17:10:03,bogdanova-prva-slika,16_1_1.jpg
2016-07-02T13:11:23,katsha,IMG_1560.jpg
2016-07-02T13:09:57,kafanski-zhivot,IMG_1557.jpg
2016-07-02T11:18:20,nas-dino,IMG_1540.jpg
2016-06-11T18:13:58,djole-sretshan-tretshi-rodjendan,IMG_1528.jpg
2016-06-10T08:06:42,ovako-se-tata-voli,IMG_1490.jpg
2016-05-22T12:23:56,posrnuli-fotograf,IMG_20160522_122353-C.jpg
2016-05-21T10:30:48,louvre-ready,16_22.jpg
2016-05-02T16:33:27,ujkino,IMG_1468.jpg
2016-05-01T12:22:24,bata-me-bolje-slika,IMG_1463.jpg
2016-05-01T12:17:56,uskrs-2016,IMG_1447.jpg
2016-05-01T07:45:23,drustvo-malo,IMG_1402.jpg
2016-05-01T06:45:39,moj-sin,IMG_1381.jpg
2016-03-20T11:29:22,kajka-gornji-desni-troakar,IMG_1363.jpg
2016-03-20T11:25:41,zhedan-posle-jurnjave,IMG_1356.jpg
2016-03-20T11:23:39,sa-tatom-na-avali,IMG_1346.jpg
2016-03-20T11:16:56,djordje-u-mauzoleju,IMG_1334.jpg
2016-03-20T10:58:45,prolece-napreduje,IMG_1323.jpg
2016-03-20T10:53:00,kratki-odmor,IMG_1313.jpg
2016-03-08T20:24:50,sretshan-6-rodjendan,IMG_2591.jpg
2016-03-08T18:19:48,iva-napunila-shest-godina-chestitamo,IMG_2578.jpg
2016-03-08T12:39:16,chudesno-drushtvantse-slavi-ivin-shesti-rodjendan,IMG_0867.jpg
2016-03-08T07:54:19,svi-se-radujemo-ivinom-rodjendanu,IMG_20160308_075418.jpg
2016-02-27T10:57:52,kao-za-prvi-razred,IMG_1302.jpg
2016-02-06T14:44:12,naostreni-kaktuscici,IMG_1286.jpg
2016-02-06T14:34:50,stigao-novi-telefon,IMG_1285.jpg
2016-02-06T11:22:14,jasem-krokodila,IMG_1272.jpg
2016-01-24T19:13:10,sretshan-rodjendan,IMG_1253.jpg
2016-01-24T19:09:14,tri-banke-za-mitshu-sretshno,IMG_1245.jpg
2016-01-24T18:49:36,iva-na-micinom-rodendanu,IMG_1242.jpg
2016-01-24T18:36:57,iva-na-micinom-rodendanu,IMG_1229.jpg
2016-01-24T18:33:39,tetka,IMG_1218.jpg
2016-01-06T12:26:57,sa-ocem-na-sankanju,IMG_1154.jpg
2016-01-06T12:18:25,sve-je-belo,IMG_1126.jpg
2016-01-06T12:13:41,sa-majkom-na-sankanju,IMG_1113.jpg
2016-01-06T12:07:45,patuljak-uziva-na-snegu,IMG_1087.jpg
2016-01-01T13:06:34,peeling,IMG_1083.jpg
2016-01-01T12:54:22,anka,IMG_1064.jpg
2016-01-01T11:35:31,napad-na-poklone,IMG_1024-04977d1d.jpg
2016-01-01T11:34:54,deda-mrazov-pomotshnik,IMG_1022.jpg
2016-01-01T08:39:19,sretsha,IMG_0997.jpg
2015-12-27T11:10:02,novogodisnja-priredba-za-decu-i-majke,IMG_0928.jpg
2015-12-24T20:09:29,patuljak,IMG_0926.jpg
2015-11-29T13:47:01,misha-anastasijevitsh-svom-otechestvu,IMG_0834.jpg
2015-11-29T13:43:07,zimska-setnja,IMG_0825-b826809b.jpg
2015-11-29T13:38:40,djole-radial,IMG_0800.jpg
2015-11-21T19:32:30,mish-mali,IMG_0794.jpg
2015-11-21T14:29:22,predjelo,IMG_0789.jpg
2015-11-21T13:22:12,ivka-zakopcava-dorda,IMG_0776.jpg
2015-11-21T13:19:22,nashe-zhenske,IMG_0769-418dfcba.jpg
2015-11-21T13:18:04,snaja-i-svekrva,IMG_0765.jpg
2015-11-21T13:14:01,katsha,IMG_0750.jpg
2015-11-21T13:12:26,majstor-tata,IMG_0746.jpg
2015-11-21T13:09:06,domatshini-sretshna-slava,IMG_0743.jpg
2015-11-21T12:52:32,neunishtivi-trio,IMG_0727.jpg
2015-11-21T12:44:09,prijateljsko-ubedjivanje,IMG_0725.jpg
2015-11-10T11:25:51,masha-uzhina,2C.jpg
2015-11-10T10:49:30,iva-balansira,7C.jpg
2015-11-10T10:42:05,chudesna-vojska-u-chudesnoj-shumi,9C.jpg
2015-11-08T11:56:31,golub-na-grani,IMG_0704.jpg
2015-11-07T15:06:09,zhuta-khrizantema,IMG_0661.jpg
2015-11-07T15:03:31,ljubav-na-kvadrat,IMG_0646.jpg
2015-10-17T15:50:22,duga,IMG_0532.jpg
2015-10-17T13:56:38,djole-voli-shtrudlu-s-makom,IMG_0522.jpg
2015-10-17T10:21:26,opet-paprichitse,IMG_0503.jpg
2015-10-09T05:00:38,bellagio,IMG_0452.jpg
2015-10-08T05:31:47,palazzo,IMG_0350.jpg
2015-10-07T22:10:40,venezia-at-the-venetian,IMG_0308.jpg
2015-10-07T18:45:34,aws-reinvent-central,IMG_0304.jpg
2015-10-05T22:08:27,together,IMG_0172.jpg
2015-10-05T20:44:48,pawn-shop,IMG_0122.jpg
2015-10-05T19:05:42,breakfast,IMG_0102.jpg
2015-10-05T00:28:00,las-vegas-stratosphere-view,IMG_0042.jpg
2015-10-04T22:14:56,viva-las-vegas,IMG_0027.jpg
2015-05-05T20:15:05,da-li-imamo-zelju,IMG_2265.JPG
2015-05-05T17:38:15,cekam-goste,IMG_2211.JPG
2015-03-21T12:58:50,ankina-menazerija,IMG_2105.jpg
2015-03-21T12:46:41,majka-kajka-bere-cvece,IMG_2100.jpg
2015-03-21T12:34:39,tsvetitshi-u-kosi,IMG_2095.jpg
2015-03-21T12:26:00,svi-na-ljuljasci,IMG_2087.jpg
2015-03-09T12:19:03,sestritse-na-radnom-mestu,IMG_2054.JPG
2015-03-09T11:48:06,iva-pet-godina-i-jedan-dan,IMG_2043.JPG
2015-03-08T21:40:29,iva-i-masha-sa-drugarima,IMG_2034.JPG
2015-03-08T19:05:50,balerine,IMG_2019.JPG
2015-03-08T19:04:50,masha-uredno-nosi-blendu-i-na-sestrin-rodjendan,IMG_2016.JPG
2015-03-08T13:56:19,kolo-sretshe,IMG_2010.JPG
2015-03-08T13:40:37,i-malo-suza,IMG_2007.JPG
2015-03-08T13:39:38,sretshan-peti-rodjendan-iva,IMG_2005.JPG
2015-03-08T13:05:52,slavljenitsa-iva,IMG_1998.JPG
2015-03-08T11:57:50,sestre-se-spremile-za-rodjendan,IMG_1991.JPG
2015-01-14T11:19:52,lepotice,IMG_1917.JPG
2014-09-16T17:28:35,radovi-made-in-goolge,14-2-effects.jpg
2014-08-24T12:55:29,sarmer-na-granici,14-1-c.jpg
2014-07-26T11:56:52,masha-pozira,20140726_115652_c.jpg
2014-07-24T09:10:57,dedina-razvijotka,IMG_20140724_091057_c.jpg
2014-07-21T15:09:08,groundlink,DSCF0735.JPG
2014-07-21T15:02:11,ja-na-poslu,DSCF0727.JPG
2014-07-15T19:12:50,djole-mesa-pesak,IMG_1695.JPG
2014-07-15T18:57:21,iva-mesa-pesak,IMG_1691.JPG
2014-07-15T18:56:08,masa-mesa-pesak,IMG_1688.JPG
2014-07-12T13:15:22,khemuritshi-khemuritshi-peni-semi-peni,14_9c3.jpg
2014-07-08T10:20:19,djole-otshe-noshu,14_2c.jpg
2014-07-08T09:31:58,dorucak,IMG_1627.JPG
2014-06-10T09:32:07,jurish,IMG_2750.jpg
2014-06-10T08:50:42,sretshan-prvi-rodjendan-djordje,IMG_2694.jpg
2014-06-08T20:29:42,hotel-moskva,IMG_2654.jpg
2014-06-08T20:22:03,zhuti-oblak-nad-beogradom,IMG_2633.jpg
2014-06-08T20:04:32,mama-kaca,IMG_2613.jpg
2014-06-07T16:50:40,mazhenje,IMG_2596.jpg
2014-06-07T14:05:35,djole-vodi-glavnu-rech,IMG_2582.jpg
2014-06-04T06:46:55,gnjurci,10262169_493409010792532_1976552677252798369_n.jpg
2014-05-23T20:14:21,rio-tejo,IMG_2531.jpg
2014-05-23T18:19:41,sumiranje-putovanja,IMG_20140523_181940-1200.jpg
2014-05-23T18:06:40,mercado-da-ribeira,IMG_2524.jpg
2014-05-23T15:31:35,bairro-alto-by-day,IMG_2505.jpg
2014-05-23T15:20:51,popravka-trotoara,IMG_2499.jpg
2014-05-23T12:06:40,fundacao-calouste-gulbenkian-death-of-the-virgin-paris-12801300,IMG_2448.jpg
2014-05-23T12:01:40,fundacao-calouste-gulbenkian,IMG_2441.jpg
2014-05-23T12:01:32,fundacao-calouste-gulbenkian,IMG_2440.jpg
2014-05-23T11:46:22,fundacao-calouste-gulbenkian,IMG_2427.jpg
2014-05-23T11:43:31,fundacao-calouste-gulbenkian,IMG_2422.jpg
2014-05-23T11:43:06,fundacao-calouste-gulbenkian-solar-barque-of-djedhor,IMG_2421.jpg
2014-05-22T23:44:32,bairro-alto-by-night,IMG_2409.jpg
2014-05-22T23:44:07,restaurante-tipico-o-forcado,IMG_2407.jpg
2014-05-22T22:18:58,drustvo-za-fado,IMG_2373.jpg
2014-05-22T16:09:02,eletrico-28e,IMG_2341.jpg
2014-05-22T16:08:27,eletrico-28e,IMG_2340.jpg
2014-05-22T14:31:54,igreja-da-madre-de-deus,IMG_2330.jpg
2014-05-22T14:06:18,museu-nacional-do-azulejo-cafe,IMG_2325.jpg
2014-05-22T13:02:48,museu-nacional-do-azulejo,IMG_2301.jpg
2014-05-22T12:53:36,museu-nacional-do-azulejo,IMG_2286.jpg
2014-05-22T12:52:58,museu-nacional-do-azulejo,IMG_2285.jpg
2014-05-22T12:50:46,museu-nacional-do-azulejo,IMG_2279.jpg
2014-05-22T12:49:07,museu-nacional-do-azulejo,IMG_2276.jpg
2014-05-22T11:35:16,estacao-olaias,IMG_2273.jpg
2014-05-21T21:53:24,lisboa,IMG_2270.jpg
2014-05-21T21:39:33,moorish-era-thumb-artifact,IMG_2267.jpg
2014-05-21T20:59:11,pogled-na-tejo,IMG_1445.jpg
2014-05-21T20:53:03,castelo-de-sao-jorge,IMG_2259.jpg
2014-05-21T20:41:44,jedan-od-sedam-brezuljaka,IMG_1435-1.jpg
2014-05-21T20:36:47,end-of-rails,IMG_1433-1.jpg
2014-05-21T20:34:27,kafe-na-cosku,IMG_1432.jpg
2014-05-21T20:33:35,plava-zazidana-vrata,IMG_1430.jpg
2014-05-21T20:27:41,uzbrdo-po-lisabonu,IMG_1427.jpg
2014-05-21T13:14:49,oceanario-de-lisboa,IMG_2252.jpg
2014-05-21T12:51:53,oceanario-de-lisboa,IMG_2232.jpg
2014-05-21T12:43:28,oceanario-de-lisboa-sunfish,IMG_2208.jpg
2014-05-21T12:33:26,penguin-at-oceanarium,IMG_2181.jpg
2014-05-21T12:31:22,fratercula-arctica,IMG_2177.jpg
2014-05-21T11:56:08,oceanario-de-lisboa,IMG_2140.jpg
2014-05-20T21:13:40,mercado-da-ribeira-lamps,IMG_2127.jpg
2014-05-20T19:31:12,pasteis-de-belem,IMG_2116.jpg
2014-05-20T18:53:48,mosteiro-dos-jeronimos,IMG_2111.jpg
2014-05-20T18:05:21,belem,IMG_2090.jpg
2014-05-20T14:00:14,me-in-cascais,IMG_1426.jpg
2014-05-20T13:50:00,cascais,IMG_2071.jpg
2014-05-20T12:01:34,akitala-novo-sheshirche,IMG_2053.jpg
2014-05-20T11:36:44,sintra,IMG_2047.jpg
2014-05-20T11:30:38,royal-kitchen,IMG_2042.jpg
2014-05-20T11:12:12,palacio-nacional-de-sintra,IMG_2019.jpg
2014-05-20T10:39:52,palacio-nacional-de-sintra,IMG_1959.jpg
2014-05-19T20:51:10,fontana-u-kontra-svetlu-jardim-de-sao-pedro-de-alcantara,IMG_1950.jpg
2014-05-19T19:15:18,rossio-square,IMG_1934.jpg
2014-05-19T19:06:12,mi-u-lisabonu,IMG_1928.jpg
2014-05-19T19:00:36,elevador-de-santa-justa,IMG_1917.jpg
2014-05-19T18:43:06,elevador-de-santa-justa,IMG_1911.jpg
2014-05-19T14:19:35,se-de-lisboa-1147,IMG_1876.jpg
2014-05-19T14:11:56,slikarka,IMG_1870.jpg
2014-05-07T14:22:38,nasha-ika,IMG_20140507_142237.jpg
2014-05-07T14:22:09,zhustra-pomotsh,IMG_20140507_142208.jpg
2014-05-05T20:44:09,baba-i-deda-sa-ivom-masom-i-dordem,IMG_1744-0f3914a9.jpg
2014-05-05T20:40:34,drugi-masin-rodendan,IMG_1736.jpg
2014-05-05T20:38:01,sestre-dalton-sa-micom,IMG_1734.jpg
2014-05-05T20:14:17,shofer-djole,IMG_1718.jpg
2014-05-05T20:11:22,za-djoleta-je-malo-guzva,IMG_1713.jpg
2014-05-03T21:41:51,nasha-lepa-kajka,IMG_1692.jpg
2014-05-01T15:13:15,sretshan-jubilarni-rodjendan,IMG_1667.jpg
2014-04-27T15:47:18,djole-i-kuma-kaca,IMG_1630-78330b1d.jpg
2014-04-21T10:03:42,deda-borivoje-sa-praunukom,IMG_1535.jpg
2014-04-20T20:06:53,glasam-za-spavanje,IMG_1525.jpg
2014-04-20T14:07:14,zhivkovitshi-u-aktsiji,IMG_1490-3f00ff79.jpg
2014-04-20T14:02:53,perushke,IMG_1480.jpg
2014-04-20T13:32:30,jos-malo-pa-ce-mo-da-prohodamo,IMG_1453.jpg
2014-04-20T09:43:33,khristos-voskrese,IMG_1406.jpg
2014-04-05T12:46:14,de-je-masha,IMG_1312.jpg
2014-04-05T12:45:34,a-mi-detsa-chuch,IMG_1309.jpg
2014-04-05T11:25:02,stojimo,IMG_1305.jpg
2014-03-29T15:26:53,zhiveli-sokitshi,IMG_1263.jpg
2014-03-29T15:24:54,tri-cvecke,IMG_1259.jpg
2014-03-29T15:24:24,tri-rde,IMG_1257.jpg
2014-03-29T14:45:57,masa-uvek-filozofira-na-pocetku,IMG_1252.jpg
2014-03-29T14:45:35,ivkana-obozava-kafanice,IMG_1250.jpg
2014-03-29T14:33:02,fabrichki-radnitsi,IMG_1241.jpg
2014-03-29T14:31:10,zlatna-ana,IMG_1239.jpg
2014-03-29T14:27:08,position-switch,IMG_1235.jpg
2014-03-29T14:26:57,najjachi-radnik-mfu,IMG_1234.jpg
2014-03-29T14:24:00,mala-fabrika-ukusa,IMG_1232.jpg
2014-03-15T15:09:00,fina-klopa-bash,IMG_1070.jpg
2014-03-12T20:31:07,zubitshi,IMG_1048.jpg
2014-03-08T20:03:48,vile-i-ruzice,IMG_1024.jpg
2014-03-08T20:01:58,masica,IMG_1019.jpg
2014-03-08T19:35:05,grupni-portret-sa-baka-kevom,IMG_0993.jpg
2014-03-08T19:33:15,cecina-deca,IMG_0990.jpg
2014-03-08T19:32:31,sretshan-4-rodjendan-iva,IMG_0983.jpg
2014-03-08T19:30:59,miss-balerina,IMG_0977.jpg
2014-03-08T19:28:26,ujeo-me-djole,IMG_0975.jpg
2014-03-08T19:28:18,tarica,IMG_0974.jpg
2014-03-08T19:27:38,slozne-sestre,IMG_0973.jpg
2014-03-01T00:05:55,nakumche-zaspalo,DSC_0388.JPG
2014-02-16T14:20:56,mladi-andrejevici-na-avali,IMG_0891.jpg
2014-02-16T14:15:52,novi-dzhemper,IMG_0872.jpg
2014-02-15T13:29:14,rdje,IMG_0825.jpg
2014-02-15T13:25:34,sun-bathing,IMG_0798.jpg
2014-02-13T19:11:08,majstor-djole,IMG_0769.jpg
2014-02-09T16:32:02,shminka-je-sve,IMG_0752.jpg
2014-02-09T16:30:12,ajde-masho-kazhi-neshto,IMG_0748.jpg
2014-02-09T16:20:03,ponosna-baba,IMG_0728.jpg
2014-02-06T14:22:10,omiljena-staza-2014,IMG_20140206_142210.jpg
2014-02-02T10:54:31,prvi-dan-su-stradale-butkice,IMG_20140202_105430.jpg
2014-02-01T15:42:03,zasluzen-odmor,IMG_20140201_154202.jpg
2014-01-31T21:12:30,vreme-je-za-kupanjac,IMG_0706.jpg
2014-01-30T11:44:43,lokna-nasha,IMG_0645.jpg
2014-01-26T11:31:55,najzad-sankanje,IMG_20140126_113155_c.jpg
2014-01-24T19:54:58,sheshirdzhika,IMG_0591.jpg
2014-01-24T19:08:44,masha-samo-shto-ne-progovori,IMG_0575.jpg
2014-01-24T18:40:33,ovo-su-nashe-igrachke,IMG_0566.jpg
2014-01-23T21:02:12,kupanjats-a-roze-kada-se-ne-vidi,IMG_0549-2.jpg
2014-01-01T14:40:42,praznichno-raspolozhenje,IMG_0494.jpg
2014-01-01T13:01:42,poklonchitshi,IMG_0473.jpg
2014-01-01T12:59:52,slatka-masha,IMG_0467.jpg
2014-01-01T08:49:07,djordje-kao-rudolf,IMG_0398.jpg
2013-12-29T13:09:52,joj-shto-volim-kad-me-deka-gnjavi,13_1_2.jpg
2013-12-14T11:17:38,sretshan-shesti-rodjendan-tara,IMG_0288.jpg
2013-12-14T11:16:51,iva-uziva-u-tehinikoloru,IMG_0285.jpg
2013-12-14T11:09:29,ana-u-tsrvenom-dzhemperu,IMG_0274.jpg
2013-12-14T11:07:50,masin-nos-u-ogledalu,IMG_0272.jpg
2013-11-30T18:03:47,orman-u-punom-sastavu,IMG_0228.jpg
2013-11-30T14:03:33,tetka-rukovodi,IMG_0221.jpg
2013-11-21T17:04:35,dva-tsvetitsha-i-leptiritsh,IMG_0167.jpg
2013-11-21T16:59:10,nashminkana,IMG_0129.jpg
2013-11-21T16:20:23,evo-seo-sam,IMG_0116.jpg
2013-11-21T16:20:20,blue-butterfly,IMG_0114.jpg
2013-11-21T13:00:38,nezhnost-na-delu,IMG_0106.jpg
2013-11-21T11:57:28,najmladji-andrejevitshi,IMG_0103.jpg
2013-11-21T11:55:09,masha-nasha-maza,IMG_0094.jpg
2013-11-21T11:54:02,slava-2013,IMG_0092.jpg
2013-11-07T19:45:07,parterne-vezhbe,IMG_0039.jpg
2013-11-03T12:02:45,zhutajtsi,IMG_0017.jpg
2013-11-02T13:11:50,mashino-tshoshe,IMG_0006.jpg
2013-11-02T11:45:04,manastir-dudovitsa,IMG_2257.jpg
2013-11-02T10:22:04,uvachko-jezero,IMG_2250.jpg
2013-11-02T09:59:07,ovo-je-shipak,IMG_2240.jpg
2013-09-15T13:50:18,sareni-problem-vipera-berus,IMG_0779.jpg
2013-09-14T16:47:39,kobajagi-venchanje,IMG_20130914_164739.jpg
2013-09-13T16:42:09,butshibutshi,IMG_20130913_164209.jpg
2013-09-13T09:39:56,chitalachki-klub-mishitshi,IMG_20130913_093956.jpg
2013-09-12T19:58:12,kisha-pada-nervoza-raste,IMG_20130912_195812.jpg
2013-09-12T11:18:55,nepremostiva-prepreka,IMG_20130912_111855.jpg
2013-09-12T10:16:18,mishitshke-domatshitse,IMG_20130912_101618.jpg
2013-09-04T11:59:01,tara-tsrta,IMG_20130904_115901.jpg
2013-08-24T12:21:50,ivka-krisom-pije-kafu,2013-08-24_12-21-49_HDR.jpg
2013-08-17T10:50:48,beli-orman-happening,IMG_2214.jpg
2013-08-10T17:56:58,ljubav-na-svaki-pogled,IMG_0723.jpg
2013-07-24T17:47:21,zeleni-portret,IMG_0696.JPG
2013-06-29T12:31:20,velika-drugarica-sofija,IMG_2188.jpg
2013-06-29T11:37:40,baba-workshop,IMG_2186.jpg
2013-06-29T10:18:09,masha-iznenadjena-ivom,IMG_2182.jpg
2013-06-15T09:22:28,jutarnje-mazhenje,2013-06-16-1.jpg
2013-06-11T06:12:16,djordje-andrejevitsh,IMG_2151_1.JPG
2013-03-31T20:48:38,new-look,IMG_0573[1].JPG
2013-03-09T21:45:00,malo-smo-se-zaneli,BOK_5643.jpg
2013-03-09T20:08:35,trube,BOK_5466.jpg
2013-03-09T18:09:36,najmlada-gosca,IMG_0544.jpg
2013-03-09T17:44:13,katsha-i-katsha,BOK_5197.jpg
2013-03-09T17:18:49,drugaritse,BOK_5090.jpg
2013-03-09T16:47:46,ivka-paradira,BOK_4998.jpg
2013-03-09T16:36:41,veselje,BOK_4952.jpg
2013-03-09T16:05:38,prvi-ples,BOK_4896.jpg
2013-03-09T15:56:47,posle-tsrkve-easy,BOK_4886.jpg
2013-03-09T14:24:19,majka-ozhenila-sina,BOK_4673.jpg
2013-03-09T14:24:09,mikhailo-i-milan,BOK_4672.jpg
2013-03-09T14:04:46,svekrva-i-svekar,BOK_4583.jpg
2013-03-09T13:48:42,poza,IMG_0534.jpg
2013-03-09T13:33:01,katsha-i-sladja,BOK_4514.jpg
2013-03-09T13:08:40,shminka,BOK_4483.jpg
2013-02-15T20:37:32,majkin-mali-bandit,IMG_0490.jpg
2013-02-02T10:52:50,spremni-za-pozoristance-puz,IMG_0454.jpg
2013-01-01T16:58:41,nemam-shta-da-obuchem,IMG_0428.jpg
2012-12-17T22:20:22,slike-i-prilike,IMG_0383.jpg
2010-01-06T10:45:54,150-people-on-top,150-people-top.jpg
2010-01-06T10:44:19,150-people-inside,150-people-inside.jpg
2009-09-04T10:55:20,2000-years-old-olive-tree,2000-years-old-olive-tree.jpg
